№,"Авторы (Фамилия, инициалы) пример: Kononenko V.V., Образцова Е.Д.",Название доклада (без кавычек),Название конференции (без кавычек) пример: Х Всероссийский семинар по радиофизике миллиметровых и субмиллиметровых волн,"Место проведения пример: Нижний Новгород, Россия",даты проведения пример: 29 февраля – 3 марта 2016 года,"Номер страницы в сборнике тезисов (обязательно!) пример, если номера страницы нет: не указана","Тип доклада (устный, постерный, приглашенный)","DOI (если есть, в формате https://doi.org/10.1038/srep22101)",ISBN (если есть),"Отдел (ОСПЯ, ОЛФ, ОТИАМ)","Зав. Лабораторией (только ИОФ РАН, другие институты указывать не надо)",Номер темы ФАНО (Парус 8),,
,"T. Savelieva, D. Kustov, P. Grachev, V. Makarov, E. Osipova, V. Loschenov",Combined Video Analysis of ICG and 5-ALA Induced Protoporphyrin IX and Hemoglobin Oxygen Saturation in near Infrared,"7th International Conference on Photonics, Optics and Laser Technology","Prague, Czech Republic",25.02.19 — 27.02.19,320-324,устный,https://doi.org/10.5220/0007693703200324,,,"1.        T. Savelieva 1 , D. Kustov 2 , P. Grachev 1 , V. Makarov 2 , E. Osipova 2 and V. Loschenov 1 (1 Prokhorov General Physics Institute of the Russian Academy of Sciences, Vavilov st., Moscow, Russia, National Research Nuclear University MEPhI, Kashirskoe sh., Moscow, Russia , 2 Prokhorov General Physics Institute of the Russian Academy of Sciences, Vavilov st., Moscow, Russia)",,,
3,"Ахлюстина Е.В., Филипова Н.И., Меерович Г.А., Тиганова И.Г., Макарова Е.А., Богатова А.С., Лукьянец Е.А., Романова Ю.М., Лощенов В.Б.",Новые катионные фотосенсибилизаторы для фотодинамической терапии локальных очагов хронических инфекционных поражений с глубокой инвазией в биоткани,"VIII International Youth Scientific School-Conference ""Modern Problems of Physics and Technology""",Москва,15-20 апреля 2019,63-64,устный,http://magistr.mephi.ru/schooleng/,,,"Ахлюстина Е.В.1, Филипова Н.И. 3, Меерович Г.А.1,2, Тиганова И.Г.3, Макарова Е.А.4, Богатова А.С.1, Лукьянец Е.А.4, Романова Ю.М.3, Лощенов В.Б.1,2 1 Национальный исследовательский ядерный университет МИФИ, Москва 2 Институт общей физики им. А.М.Прохорова РАН, Москва
3 НИЦ эпидемиологии и микробиологии им. Н.Ф. Гамалеи, Москва
4 Научно-исследовательский институт органических полупродуктов и красителей, Москва",,,
,"Васильева Е.В., Cавельева T.A., Кустов Д.M., Грачев П.В., Макаров В.И., Осипова Е.Е. и Лощенов В.Б.",КОМБИНИРОВАННЫЙ ВИДЕОАНАЛИЗ РАСПРЕДЕЛЕНИЯ ИНДОЦИАНИНА ЗЕЛЕНОГО И 5-АЛК-ИНДУЦИРОВАННОГО ПРОТОПОРФИРИНА IX В КРАСНОЙ И БЛИЖНЕЙ ИНФРАКРАСНОЙ ОБЛАСТИ СПЕКТРА,"VIII International Youth Scientific School-Conference ""Modern Problems of Physics and Technology""",Москва,15-20 апреля 2019,"Современные проблемы физики и технологий. VIII-я Международная молодежная научная школа-конференция, 15−20 апреля 2019 г.: Сборник тезисов докладов. Часть 1. М.: НИЯУ МИФИ, 2019.− 372 с. Стр. 73-74",устный,http://magistr.mephi.ru/schooleng/,,,"Васильева Е.В.1, Cавельева T.A.1,2, Кустов Д.M.2, Грачев П.В.1,2, Макаров В.И.2, Осипова Е.Е. и Лощенов В.Б.1,2
1 Национальный исследовательский ядерный университет МИФИ, Москва 2 Институт общей физики им. А.М.Прохорова РАН, Москва",,,
2,"Farrakhova D.S., Maklygina Y.S., Romanishkin I.D., Ryabova A.V., Bolotine L., Plyutinskaya A.D., Karmakova T.A., Pankratov A.A., Loschenov V.B.",The study of ICG distribution in models of head and neck cancer in vitro.,"VIII International Youth Scientific School-Conference ""Modern Problems of Physics and Technology""",Москва,15-20 апреля 2019,"Современные проблемы физики и технологий. VIII-я Международная молодежная научная школа-конференция, 15−20 апреля 2019 г.: Сборник тезисов докладов. Часть 1. М.: НИЯУ МИФИ, 2019.− 372 с. Стр.28-29",устный,http://magistr.mephi.ru/schooleng/,,,"Farrakhova D.S.1, Maklygina Y.S.1, Romanishkin I.D.1, Ryabova A.V.1,2, Bolotine L.3, Plyutinskaya A.D.4, Karmakova T.A.4, Pankratov A.A.4, Loschenov V.B.1,2   1 Prokhorov General Physics Institute of the Russian Academy of Science, Moscow, Russia
2 National Research Nuclear University “MEPhI”, Moscow, Russia 3Centre de Recherche en Automatique de Nancy (CRAN), Université de Lorraine, Institut de Cancérologie de Lorraine, Nancy, France
4National Medical Research Radiological Centre of the Ministry of Health of the Russian Federation, Moscow, Russia",,,
2,"Скобельцин А.С., Маклыгина Ю. С., Романишкин И. Д.",Метод FLIM для обнаружения опухоль-ассоциированных макрофагов в глиоме крыс,"VIII International Youth Scientific School-Conference ""Modern Problems of Physics and Technology""",Москва,15-20 апреля 2019,"Современные проблемы физики и технологий. VIII-я Международная молодежная научная школа-конференция, 15−20 апреля 2019 г.: Сборник тезисов докладов. Часть 1. М.: НИЯУ МИФИ, 2019.− 372 с. Стр.157-158",устный,http://magistr.mephi.ru/schooleng/,,,"Скобельцин А.С.1 , Маклыгина Ю. С.2 , Романишкин И. Д.2   1Российский национальный исследовательский медицинский университет им. Н.И. Пирогова Минздрава России, Москва
2Институт общей физики им. А.М. Прохорова Российской Академии Наук, Москва",,,
2,"Бикмухаметова Л.Р., Романишкин И.Д., Маклыгина Ю.С., Савельева Т.А., Лощенов В.Б.",Спектроскопия спонтанного комбинационного рассеяния света для определения злокачественности глиальных опухолей,"VIII International Youth Scientific School-Conference ""Modern Problems of Physics and Technology""",Москва,15-20 апреля 2019,"Современные проблемы физики и технологий. VIII-я Международная молодежная научная школа-конференция, 15−20 апреля 2019 г.: Сборник тезисов докладов. Часть 1. М.: НИЯУ МИФИ, 2019.− 372 с. Стр.69-70",устный,http://magistr.mephi.ru/schooleng/,,,"Бикмухаметова Л.Р.1, Романишкин И.Д.2, Маклыгина Ю.С.2, Савельева Т.А.1,2, Лощенов В.Б. 1,2
1НИЯУ МИФИ, Москва
2Институт общей физики им. А.М. Прохорова Российской академии наук, Москва",,,
,"Д.М. Кустов, П.В. Грачев, А.С. Шарова, Т.А. Савельева, В.Б.Лощенов",Моделирование профиля распространения лазерного излучения ближнего ИК-диапазона в многослойной структуре головы человека,"VIII International Youth Scientific School-Conference ""Modern Problems of Physics and Technology""","Москва, Россия",15-20 апреля 2019,"Современные проблемы физики и технологий. VIII-я Международная молодежная научная школа-конференция, 15−20 апреля 2019 г.: Сборник тезисов докладов. Часть 1. М.: НИЯУ МИФИ, 2019.− 372 с. Стр.127-128",устный,http://magistr.mephi.ru/schooleng/,,ОСПЯ,"Д.М. Кустов1, П. В. Грачев2, А.С. Шарова3, Т.А. Савельева4, В.Б. Лощенов4 1НИУ «МЭИ», Москва, Россия 2ИОФ РАН, Москва, Россия 3Politecnico di Milano, Milano, Italy 4 НИЯУ «МИФИ», Москва, Россия",,,
,"В.Б. Лощенов, Д.М. Кустов",Оптическая диагностика динамики изменения мозгового кровообращения,Всероссийская учредительная конференция с международным участием «Современные проблемы нейропсихиатрии»,"Москва, Россия",17-20 апреля 2019,,устный,https://neurobiopsychiatry.ru/events/33-uchreditelnaya-konferenciya-rossiyskoy-neyropsihiatricheskoy-associacii-rna,,ОСПЯ,,,,
,"Александрова А.А., Поминова Д.В., Санжаков М.А., Мехтиев А.Р., Пономарев Г.В","Использование препаратов ""Хлорофиллипт"", ""Хлорофиллонг"" и пищевой добавки Е 141 в качестве новых фотоактивных агентов для фотодинамической терапии", 50-та ювілейна Міжнародна науково-практична конференція «Застосування лазерів в медицині таі біології»,"Харьков, Украина",22-25 мая 2019 ,138-139,устный,https://drive.google.com/file/d/1HmHy9fQpDWyhC2TidtbjlOYYCQuJib4M/view,,,,,,"Aleksandrova A.A.1, Pominova D.V.2, Sanzhakov M.A.3, Mehtiev A.R.3, Ponomarev G.V.3 1Pirogov Russian National Research Medical University (RNRMU), Moscow, Russia
2Prokhorov General Physics Institute of RAS, Moscow, Russia
3Institute of Biomedical Chemistry (IBMC), Moscow, Russia"
2,D.Pominova,Rare-earth doped nanoparticles for contactless temperature sensing and laser-induced hyperthermia,EMN Meeting on Nanoparticles,"Prague, Czech Republic",June 10-14 2019 ,60,приглашенный,http://emnmeeting.org/2019-nanoparticles/,,ОСПЯ,Лощенов В.Б.,0024-2018-0035,,
,"Aleksandrova A.A., Pominova D.V., Sanzhakov M.A., Mehtiev A.R. Ponomarev G.V.","NOVEL USE OF CHLOROFILLIPT, CHLOROPHYLONG AND FOOD ADDITIVE E 141 AS A PHOTOACTIVE AGENT",XIII International Conference “Synthesis and Application of Porphyrins and Their Analogues“,"""Silver Plyos"", Kostroma region",June 24-27 2019,33,устный,https://conf.isuct.ru/en/porph2019,,,,,,"Aleksandrova A.A.1, Pominova D.V.2, Sanzhakov M.A.3, Mehtiev A.R.3, Ponomarev G.V.3 1Pirogov Russian National Research Medical University (RNRMU), Moscow, Russia
2Prokhorov General Physics Institute of RAS, Moscow, Russia
3Institute of Biomedical Chemistry (IBMC), Moscow, Russia"
1,"V.B. Loschenov, T.A. Savelieva, P.V. Grachev, K.G. Linkov, Yu.S. Maklygina, I.D. Romanishkin, A.Ryabova, D.M. Kustov, S.A. Goryajnov, A.A. Potapov.",Possible approaches to fluorescence diagnosis and photodynamic therapy for deep-seated tumors.,The 17th International Photodynamic Association World Congress. ,"Boston, USA.","June 28 - July 4, 2019","Proc. SPIE 11070, 17th International Photodynamic Association World Congress, 110706B (7 August 2019)",постерный,https://doi.org/10.1117/12.2526013   https://spie.org/conferences-and-exhibitions/international-photodynamic-association-world-congress?SSO=1,,,"Victor Loschenov a, Tatiana Savelievaa, Pavel Gracheva, Kirill Linkova, Yuliya Maklyginaa, Igor Romanishkina, Anastasia Ryabovaa, Daniil Kustova, Sergey Goryajnovb, Alexander Potapovb
aProkhorov General Physics Institute of the Russian Academy of Sciences, Moscow, Russia
bN.N. Burdenko National Medical Research Center of Neurosurgery, Moscow, Russi
",,,
,"Savelieva T.A., Ahlyustina E.V., Linkov K.V., Meerovich G.A., Loschenov V.B.",Automatic classification of fluorescence and diffuse reflectance spectra of biological tissues with significantly different optical properties,INTERNATIONAL SYMPOSIUM FUNDAMENTALS OF LASER ASSISTED  MICRO– & NANOTECHNOLOGIES (FLAMN-19) ,"Saint-Petersburg, Russia","June 30 - July 4, 2019","Symposium Abstract Book, PS3-C02-8, P.179",постерный,https://flamn.ifmo.ru/,,,"T. Savelieva1,2, E. Ahlyustina2, K. Linkov1, G. Meerovich1,2, V. Loschenov1,2,
1Prokhorov General Physics Institute of the Russian Academy of Sciences, Moscow,
2National Research Nuclear University MEPhI, Moscow, Russia",,,
,"Farrakhova D.S., Maklygina Yu.S., Borodkin A.V., Bolotine L., Plyutinskaya A.D., Karmakova T.A., Pankratov A.A., Loschenov V.B.",Video system approbation with zoom on multicellular tumor spheroids model,INTERNATIONAL SYMPOSIUM FUNDAMENTALS OF LASER ASSISTED  MICRO– & NANOTECHNOLOGIES (FLAMN-19) ,"Saint-Petersburg, Russia","June 30 - July 4, 2019","Symposium Abstract Book, C02-6, P.50",устный,https://flamn.ifmo.ru/,,,"D. Farrakhova1, Yu. Maklygina1, A. Borodkin1, L. Bolotine2, A. Plyutinskaya3, T. Karmakova3, A. Pankratov3, V. Loschenov1,4
1Prokhorov General Physics Institute of the Russian Academy of Sciences, Moscow, Russia, farrakhova.dina@mail.ru
2Centre de Recherche en Automatique de Nancy (CRAN), Université de Lorraine, Institut de Cancérologie de Lorraine, Vandoeuvre-les-Nancy Cedex, France
3National Medical Research Radiological Centre of the Ministry of Health of the Russian Federation, Moscow, Russia
4National Research Nuclear University «MEPhI», Moscow, Russia",,,
,"Akhlyustina E.V., Meerovich G.A, Tiganova I.G., Makarova E.A.,Tolordava E.R., Romanishkin I.D., Philipova N.I., Zhizhimova Yu.S., Lukyanets E.A., Romanova Yu.M., Loschenov V.B",Photodynamic inactivation of PSEUDOMONAS AERUGINOSA bacterial biofilms using new polycationic photosensitizers,INTERNATIONAL SYMPOSIUM FUNDAMENTALS OF LASER ASSISTED  MICRO– & NANOTECHNOLOGIES (FLAMN-19) ,"Saint-Petersburg, Russia","June 30 - July 4, 2019","Symposium Abstract Book, C02-4, P.49",устный,https://flamn.ifmo.ru/,,,"E.V. Akhlyustina 1, G.A. Meerovich 1,2, I.G. Tiganova 3, E.A. Makarova 4, E.R. Tolordava 3, I.D. Romanishkin 2, N.I. Philipova 3, Yu.S. Zhizhimova 3 E.A. Lukyanets 4 Yu.M. Romanova 3 V.B. Loschenov1,2
1 National Research Nuclear University ""MEPHI"", Moscow, Russia,
2 Prokhorov General Physics Institute of the Russian Academy of Sciences, Moscow, Russia
3 N.F. Gamaleya National Research Center of Epidemiology and Microbiology, Moscow, Russia
4 Organic Intermediates and Dyes Institute, Moscow, Russia",,,
,"Maklygina Yu.S., Farrakhova D.S., Bolotine L., Plyutinskaya A.D., Karmakova T.A., Pankratov A.A., Loschenov V.B.
",A novel co-culture spheroid model for preclinical intercellular photosensitizer-mediated tumor study,INTERNATIONAL SYMPOSIUM FUNDAMENTALS OF LASER ASSISTED  MICRO– & NANOTECHNOLOGIES (FLAMN-19) ,"Saint-Petersburg, Russia","June 30 - July 4, 2019","Symposium Abstract Book, C02-3, P.48",устный,https://flamn.ifmo.ru/,,,"Yu. Maklygina1, D. Farrakhova1, L. Bolotine2, A. Plyutinskaya3, T. Karmakova3, A.Pankratov3, V. Loschenov1,4,
1 Prokhorov General Physics Institute of the Russian Academy of Sciences, Moscow, Russia, us.samsonova@physics.msu.ru
2 Centre de Recherche en Automatique de Nancy (CRAN), Université de Lorraine, Institut de Cancérologie de Lorraine, Nancy
3National Medical Research Radiological Centre of the Ministry of Health of the Russian Federation, Moscow, Russia
4 National Research Nuclear University MEPhI, Moscow, Russia",,,
,"Yakavets I., Jenard S., Francois A., Maklygina Y., Loshenov V., Lassalle H.-P.,Doliver G., Bezdetnaya L.","Stroma-rich co-culture multicellular tumor spheroids as a relevant in
vitro model head and neck squamous cancer for screening of photoactive drugs",“Light and Life” 2019 ESP-IUPB World Congress,"Barcelona, Spain.",25-30 August 2019,"Book of Abstracts, P084, P.293",устный,https://www.photobiology2019.org/,,,"Authors: Ilya Yakavets1,2,3, Samuel Jenard2,4, Aurelie Francois2, Yulia Maklygina1,2,5, Victor Loshenov5,6, Henri-Pierre
Lassalle1,2, Gilles Dolivet1,2, Lina Bezdetnaya1,2
1) Centre de Recherche en Automatique de Nancy, CNRS, Université de Lorraine, Nancy, France 2) Institut de Cancérologie de Lorraine, Vandoeuvre-lès-Nancy, France 3) Laboratory of biophysics and biotechnology, Belarussian State University, Minsk, Belarus 4) Institut Jules Bordet, Surgery Department, Université Libre de Bruxelles ( ULB), Brussel, Belgium 5) Prokhorov General Physics Institute of the Russian Academy of Sciences, Moscow, Russia 6) National Research Nuclear University MEPhI, Moscow, Russia",,,
,"Gladilin A.A., Danilov V.P., Il’ichev N.N., Kalinushkin V.P., Studenikin M.I., Uvarov O.V., Chapnin V.A., Ryabova A.V., Sidorin A.V., Gulyamova E.S., Tumorin V.V. and Pashinin P.P.",The influence of excitation power on the luminescence spectra detected by two photon excited luminescence confocal microscopy,"DRIP XVIII 18th Conference on Defects - Recognition, Imaging and Physics in Semiconductors","Berlin, Germany",8-12 September 2019,"Abstract Book, P-27, page 239",устный,https://drip18.fbh-berlin.de/home/,,,"Prokhorov General Physics Institute of the Russian Academy of Sciences, Moscow, Russia",,,
,"Крутько В.А., Комова М.Г., Поминова Д.В.","Золь-гель синтез и люминесцентные свойства LaBWO6: Yb, Er",XXXI Симпозиум Современная химическая физика,"Туапсе, Россия",16-25 сентября 2019,198,постерный,http://www.chemicalphysics.ru/,ISBN 978-5-9909431-9-3,,"ИОНХ, ИОФ РАН",,,"Крутько В.А.1, Комова М.Г.1, Поминова Д.В.2 1ИОНХ РАН, Москва, 2ИОФ РАН, Москва"
,"Pominova D.V., Proydakova V.Yu., Romanishkin I.D., Grachev P.V., Kuznetsov S.V., Ryabova A.V.",Temperature sensing in second and third biological transparency windows using rare-earth-doped NaGdF4 nanoparticles,SFM 2019 7th International Symposium “Optics and Biophotonics”,"Saratov, Russia",23-27 сентября 2019,,интернет доклад,http://sfm.eventry.org/2019/,,,"D.V. Pominova, Prokhorov General Physics Institute of the Russian Academy of Sciences V.Yu. Proydakova, Prokhorov General Physics Institute of the Russian Academy of Sciences I.D. Romanishkin, Prokhorov General Physics Institute of the Russian Academy of Sciences P.V. Grachev, Prokhorov General Physics Institute of the Russian Academy of Sciences S.V. Kuznetsov, Prokhorov General Physics Institute of the Russian Academy of Sciences A.V. Ryabova, Prokhorov General Physics Institute of the Russian Academy of Sciences",,,ИОФ РАН 
,"R. Steiner, Z.Zhu, C. Scalfi-Happ,, R. Wittig, Лощенов В.Б., Рябова А.В.",Роль макрофагов в фотодинамической диагностике и терапии,"VIII Всероссийский конгресс с международным участием""Фотодинамическая терапия и фотодиагностика"" в рамках Второго международного Форума онкологии и радиологии","Москва, Россия",25-26 сентября 2019,,пленарный доклад,http://forum-forlife.ru/,,,,,,
,"Маклыгина Ю.С., Романишкин И.Д., Рябова, Савельева Т.А., Лощенов В.Б.",Дифференцировка клеточного состава глиальных опухолей по спектральным характеристикам и времени жизни флуоресценции фотосенсибилизатора,"VIII Всероссийский конгресс с международным участием""Фотодинамическая терапия и фотодиагностика"" в рамках Второго международного Форума онкологии и радиологии","Москва, Россия",25-26 сентября 2019,,устный,http://forum-forlife.ru/,,,,,,
,"Ширяев А.А., Булгин Д.В., Эфендиев К.Т., Рябова А.В., Руденко Н.С., Кулик О.Г., Ушаков К.В., Лощенов В.Б., Решетов И.В.",Исследование спектрально-флуоресцентных свойств печени и желчных протоков обезьян Papio hamadryas,"VIII Всероссийский конгресс с международным участием""Фотодинамическая терапия и фотодиагностика"" в рамках Второго международного Форума онкологии и радиологии","Москва, Россия",25-26 сентября 2019,,устный,http://forum-forlife.ru/,,,,,,
,"Москалев А.С., Лощенов В.Б.",Повышение чувствительности флуоресцентной визуализации макроокружения опухоли,"VIII Всероссийский конгресс с международным участием""Фотодинамическая терапия и фотодиагностика"" в рамках Второго международного Форума онкологии и радиологии","Москва, Россия",25-26 сентября 2019,,конкурсный доклад,http://forum-forlife.ru/,,,,,,
,"Поминова Д.В., Пройдакова В.Ю., Романишкин И.Д., Кузнецов С.В., Рябова А.В.",Гипертермия in vivo с контролем температуры спектроскопическими методами (Hyperthermia in vivo with spectroscopic temperature control),"VIII Всероссийский конгресс с международным участием""Фотодинамическая терапия и фотодиагностика"" в рамках Второго международного Форума онкологии и радиологии","Москва, Россия",25-26 сентября 2019,,устный,http://forum-forlife.ru/,,,,,,ИОФ РАН 
,"Жарова Т.А., Иванников С.В., Макаров В.И., Лощенов В.Б.","Сравнение эффективности доз хлорина е6 при проведении фотодинамической терапии гонартроза
","VIII Всероссийский конгресс с международным участием""Фотодинамическая терапия и фотодиагностика"" в рамках Второго международного Форума онкологии и радиологии","Москва, Россия",25-26 сентября 2019,,устный,http://forum-forlife.ru/,,,,,,
,"Романишкин И.Д., Пройдакова В.Ю., Поминова Д.В.",Исследование влияния микроокружения на спектрально-люминесцентные и кинетические характеристики люминесценции редкоземельных ионов,"VIII Всероссийский конгресс с международным участием""Фотодинамическая терапия и фотодиагностика"" в рамках Второго международного Форума онкологии и радиологии","Москва, Россия",25-26 сентября 2019,,устный,http://forum-forlife.ru/,,,,,,
,"Коршунова А.В., Зорина О.А., Кречина Е.К., Пономарёв Г.В., Рябова А.В.,
Романишкин И.Д., Макаров В.И.",Определение эффективности фотодинамического отбеливания зубов с помощью спектрофотометра VITA Easyshade,"VIII Всероссийский конгресс с международным участием""Фотодинамическая терапия и фотодиагностика"" в рамках Второго международного Форума онкологии и радиологии","Москва, Россия",25-26 сентября 2019,,устный,http://forum-forlife.ru/,,,,,,
,"Yakavets I., Jenard S., Francois A., Maklygina Y., Loshenov V., Lassalle H.-P.,
Doliver G., Bezdetnaya L.",Stroma-rich 3D co-culture spheroids for screening of photoactive drugs,"VIII Всероссийский конгресс с международным участием""Фотодинамическая терапия и фотодиагностика"" в рамках Второго международного Форума онкологии и радиологии","Москва, Россия",25-26 сентября 2019,,постерный,http://forum-forlife.ru/,,,,,,
,"Фаррахова Д.С., Яковлев Д.В., Эфендиев К.Т., Бородкин А.В., Маклыгина Ю.С., Болотин Л., Лощенов М.В., Ширяев А.А., Решетов И.В., Лощенов В.Б.",Флуоресцентная диагностика ЛОР-органов с использованием видеосистемы в режиме реального времени и фотосенсибилизатора хлорина е6,"VIII Всероссийский конгресс с международным участием""Фотодинамическая терапия и фотодиагностика"" в рамках Второго международного Форума онкологии и радиологии","Москва, Россия",25-26 сентября 2019,,устный,http://forum-forlife.ru/,,,,,,
,"Farrakhova D.S., Loschenov M.V., Maklygina Yu.S., Borodkin A.V., Ryabova A.V., Bolotine L., Plyutinskaya А.D., Karmakova T.А., Pankratov А.А., Loschenov V.B.",The video system approbation with the magnification on the multicellular tumor spheroid models with using aluminum phthalocyanine in the molecular and nanoform,"VIII Всероссийский конгресс с международным участием""Фотодинамическая терапия и фотодиагностика"" в рамках Второго международного Форума онкологии и радиологии","Москва, Россия",25-26 сентября 2019,,постерный,http://forum-forlife.ru/,,,,,,
,"Ахлюстина Е.В., Меерович Г.А. , Тиганова И.Г., Макарова Е.А., Жижимова Ю.С. , Филипова Н.И., Лукьянец Е.А., Романова Ю.М., Лощенов В.Б.",Фотобличинг катионных фотосенсибилизаторов для антибактериальной ФДТ,"VIII Всероссийский конгресс с международным участием""Фотодинамическая терапия и фотодиагностика"" в рамках Второго международного Форума онкологии и радиологии","Москва, Россия",25-26 сентября 2019,,устный,http://forum-forlife.ru/,,,,,,
,"И.Р. Бикмухаметова, Е.В. Ахлюстина, Ю.С. Маклыгина, И.Д. Романишкин, А.С. .И.Р. Бикмухаметова, Е.В. Ахлюстина, Ю.С. Маклыгина, И.Д. Романишкин, А.С. Скобельцин, В.Б. Лощенов ",Динамика накопления 5-АЛК индуцированного протопорфирина IX в экспериментальной модели опухоли,"VIII Всероссийский конгресс с международным участием""Фотодинамическая терапия и фотодиагностика"" в рамках Второго международного Форума онкологии и радиологии","Москва, Россия",25-26 сентября 2019,,устный,http://forum-forlife.ru/,,,,,,
,"Бикмухаметова Л.Р., Романишкин И.Д., Савельева Т.А., Косырькова А.В., Горяйнов С.А., Потапов А.А., Лощенов В.Б.",Разработка метода дифференциальной диагностики опухолей головного мозга с использованием спектроскопии комбинационного рассеяния света,"VIII Всероссийский конгресс с международным участием""Фотодинамическая терапия и фотодиагностика"" в рамках Второго международного Форума онкологии и радиологии","Москва, Россия",25-26 сентября 2019,,устный,http://forum-forlife.ru/,,,,,,
,"Эфендиев К.Т., Алексеева П.М., Яковлев Д.В., Шилаева А.А., Ширяев А.А., Решетов И.В., Лощенов В.Б.",Метод и аппаратура для оценки эффективности ФДТ непосредственно при проведении ФДТ ,"VIII Всероссийский конгресс с международным участием""Фотодинамическая терапия и фотодиагностика"" в рамках Второго международного Форума онкологии и радиологии","Москва, Россия",25-26 сентября 2019,,устный,http://forum-forlife.ru/,,,,,,
,"P.M. Alekseeva, K.T. Efendiev, D.V. Yakovlev, A.A. Shiryaev, A.A. Ishchenko, A.V. Gilyadova, S.I. Samoilova, L.M. Amirkhanova, V.B. Loschenov",Combined video- and spectral-fluorescent diagnostics of cervical neoplasms with PDT,"VIII Всероссийский конгресс с международным участием""Фотодинамическая терапия и фотодиагностика"" в рамках Второго международного Форума онкологии и радиологии","Москва, Россия",25-26 сентября 2019,,Устный,http://forum-forlife.ru/,,ОСПЯ,Лощенов В.Б.,,,
,"Д.М. Кустов, Е.И. Козликина, О.Н. Егорова, С.Л. Семенов, В.Б. Лощенов",Разработка системы доставки лазерного излучения в глубоко залегающие опухоли с применением микроструктурированных световодов,"VIII Всероссийский конгресс с международным участием""Фотодинамическая терапия и фотодиагностика"" в рамках Второго международного Форума онкологии и радиологии","Москва, Россия",25-26 сентября 2019,,устный,http://forum-forlife.ru/,,"ОСПЯ, НЦВО",,,,
,"Скобельцин А.С., Маклыгина Ю.С., Романишкин Ю.С., Рябова Ю.С., Лощенов Ю.С.",Применение время-разрешенной флуоресцентной конфокальной микроскопии для оценки взаимодействия фотосенсибилизаторов с опухолевыми и иммунокомпетентными клетками,"VIII Всероссийский конгресс с международным участием""Фотодинамическая терапия и фотодиагностика"" в рамках Второго международного Форума онкологии и радиологии","Москва, Россия",25-26 сентября 2019,,постерный,http://forum-forlife.ru/,,,,,,
,"Козликина Е.И., Кустов Д.М., Лощенов В.Б.",Разработка двухбаллонного устройства для ФДТ операционного ложа глиобластомы,"VIII Всероссийский конгресс с международным участием""Фотодинамическая терапия и фотодиагностика"" в рамках Второго международного Форума онкологии и радиологии","Москва, Россия",25-26 сентября 2019,,устный,http://forum-forlife.ru/,,,,,,
,"Меерович Г.А., Ахлюстина Е.В., Тиганова И.Г., Лукьянец Е.А., Макарова Е.А., Толордава Э.Р., Южакова О.А., Романишкин И.Д., Филипова Н.И., Жижимова Ю.С., Гончуков С.А., Романова Ю.М., Лощенов В.Б.",Фотодинамическая инактивация бактериальных биопленок Pseudomonas aeruginosa с использованием новых поликатионных фотосенсибилизаторов,"XXX Международная конференция ""ЛАЗЕРЫ В НАУКЕ, ТЕХНИКЕ, МЕДИЦИНЕ""","Москва, Россия",2 - 4 октября 2019 ,,устный,http://www.mntores.inlife.ru/las.html,,,,,,
,"A.A. Shiryaev, I.V. Reshetov, M.V. Loschenov, A.V. Borodkin, V.I. Makarov, V.B. Loschenov ","Combined treatment of nonresectable cholangiocellular cancer with mechanical jaundice
",Congress of the European Society of Surgical Oncology (ESSO),"Rotterdam, Netherlands",9-11 октября 2019,ESS039-0585,постерный,http://esso39.org/,,,,,,
,"Д.В. Поминова, В.Ю. Пройдакова, И.Д. Романишкин, С.В. Кузнецов, А.В. Рябова","Мультифункциональные биосенсоры на основе наночастиц, легированных редкоземельными ионами",Третья международная конференция «Физика — наукам о жизни» ,"Санкт-Петербург, Россия",14-18 октября 2019,,устный,http://www.ioffe.ru/PhLS2019/,,,,,,ИОФ РАН
,"В.И. Макаров, П.В. Грачев, А.С. Москалев, В.Б. Лощенов",Повышение резкости и глубины флуоресцентной визуализации тканей в ближнем инфракрасном диапазоне с использованием клинически разрешенных фотосенсибилизаторов,Третья международная конференция «Физика — наукам о жизни» ,"Санкт-Петербург, Россия",14-18 октября 2019,,устный,http://www.ioffe.ru/PhLS2019/,,,,,,
,"D.S. Farrakhova, Yu.S. Maklygina, I.D. Romanishkin, L. Bolotine, V.B. Loschenov",The intercellular distribution dynamics of various forms of the fluorescent indocyanine green dye on tumor models in vivo.,Третья международная конференция «Физика — наукам о жизни» ,"Санкт-Петербург, Россия",14-18 октября 2019,,,http://www.ioffe.ru/PhLS2019/,,,,,,
," Г.А. Меерович, Е.В. Ахлюстина, И.Г. Тиганова, Е.А. Макарова, Ю.С. Жижимова, И.Д. Романишкин, Е.А. Лукьянец, Ю.М. Романова, В.Б. Лощенов",Наноструктурированный фотосенсибилизатор на основе тетракатионного производного бактериохлорина для фотодинамической инактивации биопленок грамотрицательных бактерий,Третья международная конференция «Физика — наукам о жизни» ,"Санкт-Петербург, Россия",14-18 октября 2019,,устный,http://www.ioffe.ru/PhLS2019/,,,,,,
,"P.M. Alekseeva, K.T. Efendiev, D.V. Yakovlev, A.A. Shiryaev, A.A. Ishchenko, A.V. Gilyadova, S.I. Samoilova, L.M. Amirkhanova, V.B. Loschenov",Precise fluorescent diagnostics of cervical neoplasms for photodynamic therapy ,"IV International Symposium on ""Physics, Engineering and Technologies for Biomedicine""","Москва, Россия",26-30 октября 2019,98-99,постерный,http://plasma.mephi.ru/ru/PBS19.html,,ОСПЯ,Лощенов В.Б.,,,
,"L.R. Bikmukhametova, I.D. Romanishkin, T.A. Savelieva, A.V. Kosyrkova, S.A. Goryaynov, A.A. Potapov, V.B. Loschenov",Raman spectroscopy for differential diagnosis of the brain tumor,"IV International Symposium on ""Physics, Engineering and Technologies for Biomedicine""","Москва, Россия",26-30 октября 2019,116-117,постерный,http://plasma.mephi.ru/ru/PBS19.html,,ОСПЯ,Лощенов В.Б.,,,
,Savelieva Tatiana ,New approaches to the diagnosis and treatment of brain tumors,"IV International Symposium on ""Physics, Engineering and Technologies for Biomedicine""","Москва, Россия",26-30 октября 2019,85-86,устный,http://plasma.mephi.ru/ru/PBS19.html,,,"Tatiana Savelieva, A.M. Prokhorov General Physics Institute of RAS, MEPhI, Russia ",,,
,Loschenov Victor ,New trends in laser theranostics of tumor,"IV International Symposium on ""Physics, Engineering and Technologies for Biomedicine""","Москва, Россия",26-30 октября 2019,,устный,http://plasma.mephi.ru/ru/PBS19.html,,,"Victor Loschenov, A.M. Prokhorov General Physics Institute of RAS, MEPhI, Russia",,,
,"Москалев А.С., Грачев П.В., Макаров В.И., Козликина Е.И., Лощенов В.Б.",Повышение резкости границ изображений биологических объектов с применением лазерно-индуцированной флуоресценции в ближнем инфракрасном диапазоне,Прохоровские недели,"Москва, Россия",29-31 октября 2019,86-88,устный,DOI:10.24411/9999-033A-2019-00035,ISBN 978-5-905109-04-1,,,,,
,"Д.М. Кустов, В.И. Макаров, А.В. Бородкин, Т.А. Савельева, В.Б. Лощенов",Оценка динамики оксигенации мозговой ткани на модели фантома головы человека методом ближней ИК-спектроскопии,Прохоровские недели,"Москва, Россия",29-31 октября 2019,81-83,устный,DOI:10.24411/9999-033A-2019-00033,ISBN 978-5-905109-04-1,,,,,
,"Ашкинази Е.Е., Карасев В.Ю., Савельева Т.А., Рябова Н.В., Лощенов В.Б.",Создание и свойства алмазной оптики для диагностики и мониторинга фотодинамического воздействия,Восьмая Международная конференция «Кристаллофизика и деформационное поведение перспективных материалов»,"Москва, Россия",5–8 ноября 2019,47,,,,,,,,
,"I.Shcherbakov, V.Loschenov",Biomedical photonics in phototheranostics. New strategy,Letokhov symposium on laser physics and spectroscopy dedicated to the 80th jubilee of Vladilen Letokhov,"Троицк, Москва, Россия",11-12 ноября 2019,20-21,приглашенный,https://letokhov80.isan.troitsk.ru/,,,,,,
